id,pic,line,x0,y0,x1,y1,w0,c_gray,red,green,blue,alpha
0,1,1,64,392,64,393,7.4548893,0,0,0,0,0
1,1,1,64,393,65,394,8.505066,0,0,0,0,0
2,1,1,65,394,65,394,9.189964,0,0,0,0,0
3,1,1,65,394,64,393,9.536442,0,0,0,0,0
4,1,1,64,393,64,393,10.250885,0,0,0,0,0
5,1,1,64,393,64,393,10.551703,0,0,0,0,0
6,1,1,64,393,63,393,10.809547,0,0,0,0,0
7,1,1,63,393,63,394,10.884752,0,0,0,0,0
8,1,1,63,394,64,395,10.935783,0,0,0,0,0
9,1,1,64,395,64,394,11.153339,0,0,0,0,0
10,1,1,64,394,64,394,11.411183,0,0,0,0,0
11,1,1,64,394,65,394,11.56965,0,0,0,0,0
12,1,1,65,394,66,393,11.870468,0,0,0,0,0
13,1,1,66,393,68,393,12.130998,0,0,0,0,0
14,1,1,68,393,70,393,12.686974,0,0,0,0,0
15,1,1,70,393,72,392,13.006593,0,0,0,0,0
16,1,1,72,392,74,391,13.108656,0,0,0,0,0
17,1,1,74,391,76,389,13.237578,0,0,0,0,0
18,1,1,76,389,79,388,13.285924,0,0,0,0,0
19,1,1,79,388,81,386,13.516909,0,0,0,0,0
20,1,1,81,386,84,384,13.806984,0,0,0,0,0
21,1,1,84,384,86,382,14.424735,0,0,0,0,0
22,1,1,86,382,89,380,15.251984,0,0,0,0,0
23,1,1,89,380,92,378,15.555488,0,0,0,0,0
24,1,1,92,378,94,376,16.334393,0,0,0,0,0
25,1,1,94,376,97,374,16.844707,0,0,0,0,0
26,1,1,97,374,99,373,17.46246,0,0,0,0,0
27,1,1,99,373,102,371,18.351482,0,0,0,0,0
28,1,1,102,371,105,368,18.617386,0,0,0,0,0
29,1,1,105,368,108,365,19.221706,0,0,0,0,0
30,1,1,108,365,111,362,19.6031,0,0,0,0,0
31,1,1,111,362,115,359,20.62642,0,0,0,0,0
32,1,1,115,359,117,357,21.335491,0,0,0,0,0
33,1,1,117,357,122,353,21.79746,0,0,0,0,0
34,1,1,122,353,126,350,22.361494,0,0,0,0,0
35,1,1,126,350,131,347,23.277376,0,0,0,0,0
36,1,1,131,347,136,343,23.570139,0,0,0,0,0
37,1,1,136,343,140,340,24.27921,0,0,0,0,0
38,1,1,140,340,144,337,24.633745,0,0,0,0,0
39,1,1,144,337,147,334,24.996336,0,0,0,0,0
40,1,1,147,334,150,331,25.18972,0,0,0,0,0
41,1,1,150,331,155,327,25.807472,0,0,0,0,0
42,1,1,155,327,159,323,26.865705,0,0,0,0,0
43,1,1,159,323,165,318,27.0,0,0,0,0,0
44,1,1,165,318,171,312,27.0,0,0,0,0,0
45,1,1,171,312,177,307,27.0,0,0,0,0,0
46,1,1,177,307,181,302,27.0,0,0,0,0,0
47,1,1,181,302,185,298,27.0,0,0,0,0,0
48,1,1,185,298,191,293,27.0,0,0,0,0,0
49,1,1,191,293,197,286,27.0,0,0,0,0,0
50,1,1,197,286,203,279,27.0,0,0,0,0,0
51,1,1,203,279,209,272,27.0,0,0,0,0,0
52,1,1,209,272,216,263,27.0,0,0,0,0,0
53,1,1,216,263,223,255,27.0,0,0,0,0,0
54,1,1,223,255,228,249,27.0,0,0,0,0,0
55,1,1,228,249,234,242,27.0,0,0,0,0,0
56,1,1,234,242,240,236,27.0,0,0,0,0,0
57,1,1,240,236,247,229,27.0,0,0,0,0,0
58,1,1,247,229,254,222,27.0,0,0,0,0,0
59,1,1,254,222,259,215,27.0,0,0,0,0,0
60,1,1,259,215,265,208,27.0,0,0,0,0,0
61,1,1,265,208,271,200,27.0,0,0,0,0,0
62,1,1,271,200,276,192,27.0,0,0,0,0,0
63,1,1,276,192,279,185,27.0,0,0,0,0,0
64,1,1,279,185,284,177,27.0,0,0,0,0,0
65,1,1,284,177,289,170,27.0,0,0,0,0,0
66,1,1,289,170,295,164,27.0,0,0,0,0,0
67,1,1,295,164,302,157,27.0,0,0,0,0,0
68,1,1,302,157,304,154,27.0,0,0,0,0,0
69,1,1,304,154,304,152,25.023197,0,0,0,0,0
70,1,1,304,152,297,149,8.223049,0,0,0,0,0
71,1,1,297,149,289,146,5.0,0,0,0,0,0
72,1,2,230,259,230,260,7.293737,0,0,0,0,0
73,1,2,230,260,229,261,8.193505,0,0,0,0,0
74,1,2,229,261,229,261,8.792456,0,0,0,0,0
75,1,2,229,261,229,261,9.326944,0,0,0,0,0
76,1,2,229,261,229,261,10.116591,0,0,0,0,0
77,1,2,229,261,228,261,11.588451,0,0,0,0,0
78,1,2,228,261,228,261,11.98596,0,0,0,0,0
79,1,2,228,261,226,261,12.442559,0,0,0,0,0
80,1,2,226,261,226,262,12.50702,0,0,0,0,0
81,1,2,226,262,227,262,12.764864,0,0,0,0,0
82,1,2,227,262,228,263,12.928702,0,0,0,0,0
83,1,2,228,263,229,266,13.183861,0,0,0,0,0
84,1,2,229,266,231,269,13.237578,0,0,0,0,0
85,1,2,231,269,232,272,13.232206,0,0,0,0,0
86,1,2,232,272,234,275,13.251007,0,0,0,0,0
87,1,2,234,275,235,276,13.296667,0,0,0,0,0
88,1,2,235,276,236,278,13.433646,0,0,0,0,0
89,1,2,236,278,239,281,13.726407,0,0,0,0,0
90,1,2,239,281,240,283,13.909047,0,0,0,0,0
91,1,2,240,283,242,286,14.040654,0,0,0,0,0
92,1,2,242,286,243,289,14.0675125,0,0,0,0,0
93,1,2,243,289,244,291,14.118545,0,0,0,0,0
94,1,2,244,291,246,293,14.188377,0,0,0,0,0
95,1,2,246,293,247,296,14.2394085,0,0,0,0,0
96,1,2,247,296,248,299,14.559029,0,0,0,0,0
97,1,2,248,299,249,302,14.623489,0,0,0,0,0
98,1,2,249,302,250,304,14.771213,0,0,0,0,0
99,1,2,250,304,252,307,14.967281,0,0,0,0,0
100,1,2,252,307,256,310,15.11769,0,0,0,0,0
101,1,2,256,310,258,312,15.5044565,0,0,0,0,0
102,1,2,258,312,260,315,15.54743,0,0,0,0,0
103,1,2,260,315,263,318,15.695153,0,0,0,0,0
104,1,2,263,318,265,321,15.869736,0,0,0,0,0
105,1,2,265,321,268,323,15.993285,0,0,0,0,0
106,1,2,268,323,270,326,16.280674,0,0,0,0,0
107,1,2,270,326,274,329,16.549261,0,0,0,0,0
108,1,2,274,329,278,331,17.580637,0,0,0,0,0
109,1,2,278,331,281,334,18.684532,0,0,0,0,0
110,1,2,281,334,284,337,19.210964,0,0,0,0,0
111,1,2,284,337,286,340,19.699791,0,0,0,0,0
112,1,2,286,340,288,342,20.368576,0,0,0,0,0
113,1,2,288,342,292,344,20.739225,0,0,0,0,0
114,1,2,292,344,294,345,21.265657,0,0,0,0,0
115,1,2,294,345,299,347,21.477842,0,0,0,0,0
116,1,2,299,347,300,348,22.044561,0,0,0,0,0
117,1,2,300,348,303,350,23.089367,0,0,0,0,0
118,1,2,303,350,308,351,23.656086,0,0,0,0,0
119,1,2,308,351,315,353,24.819069,0,0,0,0,0
120,1,2,315,353,319,355,25.409962,0,0,0,0,0
121,1,2,319,355,324,357,25.667807,0,0,0,0,0
122,1,2,324,357,327,358,26.175436,0,0,0,0,0
123,1,2,327,358,332,360,26.49237,0,0,0,0,0
124,1,2,332,360,338,362,26.769014,0,0,0,0,0
125,1,2,338,362,343,365,26.846905,0,0,0,0,0
126,1,2,343,365,348,367,26.884506,0,0,0,0,0
127,1,2,348,367,352,370,26.978514,0,0,0,0,0
128,1,2,352,370,356,372,27.0,0,0,0,0,0
129,1,2,356,372,359,373,27.0,0,0,0,0,0
130,1,2,359,373,362,375,27.0,0,0,0,0,0
131,1,2,362,375,366,378,27.0,0,0,0,0,0
132,1,2,366,378,370,380,27.0,0,0,0,0,0
133,1,2,370,380,374,383,27.0,0,0,0,0,0
134,1,2,374,383,379,386,27.0,0,0,0,0,0
135,1,2,379,386,382,388,26.957026,0,0,0,0,0
136,1,2,382,388,384,390,26.669638,0,0,0,0,0
137,1,2,384,390,384,391,18.81614,0,0,0,0,0
138,1,2,384,391,380,390,12.872299,0,0,0,0,0
139,1,2,380,390,375,389,5.0,0,0,0,0,0
140,2,5,90,243,90,242,7.4924917,0,0,0,0,0
141,2,5,90,242,90,242,7.9061165,0,0,0,0,0
142,2,5,90,242,90,241,8.840801,0,0,0,0,0
143,2,5,90,241,91,240,9.88292,0,0,0,0,0
144,2,5,91,240,91,238,10.288487,0,0,0,0,0
145,2,5,91,238,91,237,11.00293,0,0,0,0,0
146,2,5,91,237,91,237,11.228544,0,0,0,0,0
147,2,5,91,237,91,237,11.284946,0,0,0,0,0
148,2,5,91,237,90,237,11.63411,0,0,0,0,0
149,2,5,90,237,90,237,11.956415,0,0,0,0,0
150,2,5,90,237,90,236,12.329752,0,0,0,0,0
151,2,5,90,236,90,236,12.802466,0,0,0,0,0
152,2,5,90,236,90,237,12.917959,0,0,0,0,0
153,2,5,90,237,90,237,13.165059,0,0,0,0,0
154,2,5,90,237,90,237,13.296667,0,0,0,0,0
155,2,5,90,237,91,238,13.91979,0,0,0,0,0
156,2,5,91,238,92,240,14.620803,0,0,0,0,0
157,2,5,92,240,94,243,14.862532,0,0,0,0,0
158,2,5,94,243,95,246,15.539372,0,0,0,0,0
159,2,5,95,246,96,249,15.880479,0,0,0,0,0
160,2,5,96,249,98,253,16.495544,0,0,0,0,0
161,2,5,98,253,101,256,16.807106,0,0,0,0,0
162,2,5,101,256,101,260,17.760592,0,0,0,0,0
163,2,5,101,260,101,264,18.531437,0,0,0,0,0
164,2,5,101,264,101,268,19.27274,0,0,0,0,0
165,2,5,101,268,102,271,20.199366,0,0,0,0,0
166,2,5,102,271,103,274,21.217312,0,0,0,0,0
167,2,5,103,274,104,278,21.512758,0,0,0,0,0
168,2,5,104,278,105,281,22.047247,0,0,0,0,0
169,2,5,105,281,107,285,22.280918,0,0,0,0,0
170,2,5,107,285,108,288,22.810036,0,0,0,0,0
171,2,5,108,288,109,291,23.024906,0,0,0,0,0
172,2,5,109,291,110,293,23.763521,0,0,0,0,0
173,2,5,110,293,111,299,24.67672,0,0,0,0,0
174,2,5,111,299,111,304,24.99365,0,0,0,0,0
175,2,5,111,304,111,310,25.60066,0,0,0,0,0
176,2,5,111,310,112,314,25.890734,0,0,0,0,0
177,2,5,112,314,112,319,25.992796,0,0,0,0,0
178,2,5,112,319,113,323,26.293615,0,0,0,0,0
179,2,5,113,323,114,328,26.409107,0,0,0,0,0
180,2,5,114,328,115,334,26.46014,0,0,0,0,0
181,2,5,115,334,114,339,26.578318,0,0,0,0,0
182,2,5,114,339,113,344,26.653522,0,0,0,0,0
183,2,5,113,344,112,349,26.7529,0,0,0,0,0
184,2,5,112,349,111,354,26.750214,0,0,0,0,0
185,2,5,111,354,110,358,26.728727,0,0,0,0,0
186,2,5,110,358,109,361,26.723354,0,0,0,0,0
187,2,5,109,361,108,365,26.704554,0,0,0,0,0
188,2,5,108,365,108,369,26.551458,0,0,0,0,0
189,2,5,108,369,107,373,25.998169,0,0,0,0,0
190,2,5,107,373,106,376,18.955805,0,0,0,0,0
191,2,5,106,376,104,377,6.667928,0,0,0,0,0
192,2,5,104,377,102,375,5.0,0,0,0,0,0
193,2,6,90,374,92,375,7.7530212,0,0,0,0,0
194,2,6,92,375,94,375,10.331461,0,0,0,0,0
195,2,6,94,375,96,375,12.7675495,0,0,0,0,0
196,2,6,96,375,99,375,13.8553295,0,0,0,0,0
197,2,6,99,375,102,375,16.643267,0,0,0,0,0
198,2,6,102,375,105,375,18.174215,0,0,0,0,0
199,2,6,105,375,110,375,20.352459,0,0,0,0,0
200,2,6,110,375,116,374,21.453669,0,0,0,0,0
201,2,6,116,374,123,373,21.671225,0,0,0,0,0
202,2,6,123,373,131,372,22.060677,0,0,0,0,0
203,2,6,131,372,139,370,22.407154,0,0,0,0,0
204,2,6,139,370,149,368,23.178,0,0,0,0,0
205,2,6,149,368,160,366,23.4251,0,0,0,0,0
206,2,6,160,366,172,365,23.54328,0,0,0,0,0
207,2,6,172,365,183,363,23.578196,0,0,0,0,0
208,2,6,183,363,195,362,23.626541,0,0,0,0,0
209,2,6,195,362,208,360,23.715176,0,0,0,0,0
210,2,6,208,360,222,360,23.758148,0,0,0,0,0
211,2,6,222,360,238,359,23.806496,0,0,0,0,0
212,2,6,238,359,256,358,23.806496,0,0,0,0,0
213,2,6,256,358,274,357,23.892443,0,0,0,0,0
214,2,6,274,357,289,357,23.967648,0,0,0,0,0
215,2,6,289,357,300,357,23.999878,0,0,0,0,0
216,2,6,300,357,308,357,24.10194,0,0,0,0,0
217,2,6,308,357,317,357,24.182518,0,0,0,0,0
218,2,6,317,357,328,355,24.225492,0,0,0,0,0
219,2,6,328,355,338,354,24.193262,0,0,0,0,0
220,2,6,338,354,348,353,24.185204,0,0,0,0,0
221,2,6,348,353,358,353,24.17446,0,0,0,0,0
222,2,6,358,353,368,353,24.209375,0,0,0,0,0
223,2,6,368,353,376,354,24.244291,0,0,0,0,0
224,2,6,376,354,382,354,24.29801,0,0,0,0,0
225,2,6,382,354,386,354,24.273836,0,0,0,0,0
226,2,6,386,354,391,354,24.263094,0,0,0,0,0
227,2,6,391,354,395,353,24.1288,0,0,0,0,0
228,2,6,395,353,398,353,23.819923,0,0,0,0,0
229,2,6,398,353,398,352,19.498352,0,0,0,0,0
230,2,6,398,352,396,351,14.01111,0,0,0,0,0
231,2,6,396,351,391,349,5.405567,0,0,0,0,0
232,2,7,236,133,237,132,8.3466,0,0,0,0,0
233,2,7,237,132,238,131,9.8587475,0,0,0,0,0
234,2,7,238,131,238,131,11.029789,0,0,0,0,0
235,2,7,238,131,237,131,12.775608,0,0,0,0,0
236,2,7,237,131,236,130,13.82847,0,0,0,0,0
237,2,7,236,130,236,130,15.816018,0,0,0,0,0
238,2,7,236,130,235,129,16.976315,0,0,0,0,0
239,2,7,235,129,235,129,17.360397,0,0,0,0,0
240,2,7,235,129,235,129,17.811623,0,0,0,0,0
241,2,7,235,129,235,131,18.187645,0,0,0,0,0
242,2,7,235,131,236,135,19.492981,0,0,0,0,0
243,2,7,236,135,237,141,20.73654,0,0,0,0,0
244,2,7,237,141,238,149,21.222683,0,0,0,0,0
245,2,7,238,149,239,158,21.988157,0,0,0,0,0
246,2,7,239,158,239,169,22.498474,0,0,0,0,0
247,2,7,239,169,239,181,22.713345,0,0,0,0,0
248,2,7,239,181,239,194,23.156513,0,0,0,0,0
249,2,7,239,194,240,206,23.22366,0,0,0,0,0
250,2,7,240,206,242,218,23.215603,0,0,0,0,0
251,2,7,242,218,244,228,23.207544,0,0,0,0,0
252,2,7,244,228,245,237,23.229033,0,0,0,0,0
253,2,7,245,237,247,245,23.218288,0,0,0,0,0
254,2,7,247,245,248,252,23.26932,0,0,0,0,0
255,2,7,248,252,248,258,23.253204,0,0,0,0,0
256,2,7,248,258,250,263,23.245146,0,0,0,0,0
257,2,7,250,263,251,270,23.285435,0,0,0,0,0
258,2,7,251,270,252,276,23.229033,0,0,0,0,0
259,2,7,252,276,253,281,23.229033,0,0,0,0,0
260,2,7,253,281,254,287,23.250519,0,0,0,0,0
261,2,7,254,287,255,292,23.317665,0,0,0,0,0
262,2,7,255,292,254,297,23.323038,0,0,0,0,0
263,2,7,254,297,254,302,23.4063,0,0,0,0,0
264,2,7,254,302,255,307,23.435844,0,0,0,0,0
265,2,7,255,307,256,311,23.468075,0,0,0,0,0
266,2,7,256,311,257,316,23.535221,0,0,0,0,0
267,2,7,257,316,257,321,23.500305,0,0,0,0,0
268,2,7,257,321,257,325,23.50299,0,0,0,0,0
269,2,7,257,325,258,329,23.656086,0,0,0,0,0
270,2,7,258,329,259,332,23.661457,0,0,0,0,0
271,2,7,259,332,259,335,23.570139,0,0,0,0,0
272,2,7,259,335,259,338,23.554022,0,0,0,0,0
273,2,7,259,338,258,342,22.64351,0,0,0,0,0
274,2,7,258,342,257,344,13.296667,0,0,0,0,0
275,2,7,257,344,256,344,8.889147,0,0,0,0,0
276,2,7,256,344,255,341,5.0,0,0,0,0,0
277,2,8,395,177,397,176,9.254425,0,0,0,0,0
278,2,8,397,176,399,175,10.14345,0,0,0,0,0
279,2,8,399,175,399,175,11.650226,0,0,0,0,0
280,2,8,399,175,398,176,12.711146,0,0,0,0,0
281,2,8,398,176,398,177,13.226834,0,0,0,0,0
282,2,8,398,177,397,181,14.489196,0,0,0,0,0
283,2,8,397,181,394,190,14.741668,0,0,0,0,0
284,2,8,394,190,392,197,15.235868,0,0,0,0,0
285,2,8,392,197,389,207,15.781101,0,0,0,0,0
286,2,8,389,207,387,217,16.202784,0,0,0,0,0
287,2,8,387,217,384,230,16.602978,0,0,0,0,0
288,2,8,384,230,383,238,17.118668,0,0,0,0,0
289,2,8,383,238,382,247,17.685387,0,0,0,0,0
290,2,8,382,247,381,257,18.44549,0,0,0,0,0
291,2,8,381,257,381,263,18.687218,0,0,0,0,0
292,2,8,381,263,381,270,18.821512,0,0,0,0,0
293,2,8,381,270,381,277,19.503723,0,0,0,0,0
294,2,8,381,277,379,284,20.180565,0,0,0,0,0
295,2,8,379,284,379,290,20.63179,0,0,0,0,0
296,2,8,379,290,380,298,21.222683,0,0,0,0,0
297,2,8,380,298,381,302,21.397264,0,0,0,0,0
298,2,8,381,302,381,309,21.448298,0,0,0,0,0
299,2,8,381,309,381,315,21.496643,0,0,0,0,0
300,2,8,381,315,381,320,21.51813,0,0,0,0,0
301,2,8,381,320,382,324,21.561104,0,0,0,0,0
302,2,8,382,324,384,327,21.582592,0,0,0,0,0
303,2,8,384,327,385,331,21.65511,0,0,0,0,0
304,2,8,385,331,386,335,21.840435,0,0,0,0,0
305,2,8,386,335,386,338,21.950556,0,0,0,0,0
306,2,8,386,338,386,341,22.060677,0,0,0,0,0
307,2,8,386,341,387,344,22.176168,0,0,0,0,0
308,2,8,387,344,388,346,22.216457,0,0,0,0,0
309,2,8,388,346,389,349,22.342693,0,0,0,0,0
310,2,8,389,349,390,352,22.353436,0,0,0,0,0
311,2,8,390,352,390,354,22.374924,0,0,0,0,0
312,2,8,390,354,391,356,22.417896,0,0,0,0,0
313,2,8,391,356,392,357,21.131365,0,0,0,0,0
314,2,8,392,357,393,358,18.39983,0,0,0,0,0
315,2,8,393,358,393,357,5.405567,0,0,0,0,0
316,2,8,393,357,390,353,5.0,0,0,0,0,0
317,3,1,80,194,80,196,9.332315,0,0,0,0,0
318,3,1,80,196,80,197,10.578562,0,0,0,0,0
319,3,1,80,197,80,197,11.728117,0,0,0,0,0
320,3,1,80,197,82,196,13.954706,0,0,0,0,0
321,3,1,82,196,83,196,14.924307,0,0,0,0,0
322,3,1,83,196,84,196,17.567207,0,0,0,0,0
323,3,1,84,196,83,196,19.041752,0,0,0,0,0
324,3,1,83,196,84,196,19.780369,0,0,0,0,0
325,3,1,84,196,85,196,21.013186,0,0,0,0,0
326,3,1,85,196,91,197,21.638994,0,0,0,0,0
327,3,1,91,197,97,197,22.221828,0,0,0,0,0
328,3,1,97,197,108,198,22.59248,0,0,0,0,0
329,3,1,108,198,114,199,23.124283,0,0,0,0,0
330,3,1,114,199,122,201,23.54328,0,0,0,0,0
331,3,1,122,201,132,203,23.693687,0,0,0,0,0
332,3,1,132,203,140,206,24.1288,0,0,0,0,0
333,3,1,140,206,147,208,25.103771,0,0,0,0,0
334,3,1,147,208,158,210,25.622147,0,0,0,0,0
335,3,1,158,210,173,213,26.011599,0,0,0,0,0
336,3,1,173,213,186,215,26.14052,0,0,0,0,0
337,3,1,186,215,195,216,26.25064,0,0,0,0,0
338,3,1,195,216,210,217,26.352705,0,0,0,0,0
339,3,1,210,217,218,218,26.38762,0,0,0,0,0
340,3,1,218,218,230,218,26.578318,0,0,0,0,0
341,3,1,230,218,248,219,26.79856,0,0,0,0,0
342,3,1,248,219,262,220,26.905994,0,0,0,0,0
343,3,1,262,220,286,221,27.0,0,0,0,0,0
344,3,1,286,221,305,221,27.0,0,0,0,0,0
345,3,1,305,221,317,221,27.0,0,0,0,0,0
346,3,1,317,221,334,221,27.0,0,0,0,0,0
347,3,1,334,221,345,220,27.0,0,0,0,0,0
348,3,1,345,220,353,218,27.0,0,0,0,0,0
349,3,1,353,218,359,217,27.0,0,0,0,0,0
350,3,1,359,217,364,215,27.0,0,0,0,0,0
351,3,1,364,215,368,215,25.624832,0,0,0,0,0
352,3,1,368,215,370,214,21.81089,0,0,0,0,0
353,3,1,370,214,371,214,11.088879,0,0,0,0,0
354,3,1,371,214,367,215,5.0,0,0,0,0,0
355,3,2,115,306,115,310,8.08607,0,0,0,0,0
356,3,2,115,310,115,312,9.138933,0,0,0,0,0
357,3,2,115,312,116,313,10.898181,0,0,0,0,0
358,3,2,116,313,116,313,11.824808,0,0,0,0,0
359,3,2,116,313,117,313,14.489196,0,0,0,0,0
360,3,2,117,313,118,312,16.9602,0,0,0,0,0
361,3,2,118,312,123,309,17.674643,0,0,0,0,0
362,3,2,123,309,130,304,19.03101,0,0,0,0,0
363,3,2,130,304,141,298,20.43035,0,0,0,0,0
364,3,2,141,298,155,287,20.572702,0,0,0,0,0
365,3,2,155,287,164,281,20.93798,0,0,0,0,0
366,3,2,164,281,174,273,20.954096,0,0,0,0,0
367,3,2,174,273,187,263,20.956781,0,0,0,0,0
368,3,2,187,263,194,258,20.927238,0,0,0,0,0
369,3,2,194,258,203,253,20.93261,0,0,0,0,0
370,3,2,203,253,210,248,21.080332,0,0,0,0,0
371,3,2,210,248,217,243,20.954096,0,0,0,0,0
372,3,2,217,243,223,237,21.02393,0,0,0,0,0
373,3,2,223,237,229,232,21.072273,0,0,0,0,0
374,3,2,229,232,233,229,21.115248,0,0,0,0,0
375,3,2,233,229,237,227,21.112562,0,0,0,0,0
376,3,2,237,227,241,224,21.112562,0,0,0,0,0
377,3,2,241,224,246,220,21.034672,0,0,0,0,0
378,3,2,246,220,251,216,21.080332,0,0,0,0,0
379,3,2,251,216,254,213,21.104506,0,0,0,0,0
380,3,2,254,213,255,210,19.331827,0,0,0,0,0
381,3,2,255,210,254,209,16.748016,0,0,0,0,0
382,3,2,254,209,250,210,7.2346478,0,0,0,0,0
383,3,2,250,210,243,212,5.0,0,0,0,0,0
384,3,3,237,224,237,224,8.180076,0,0,0,0,0
385,3,3,237,224,237,224,9.678794,0,0,0,0,0
386,3,3,237,224,238,225,10.22134,0,0,0,0,0
387,3,3,238,225,239,226,11.7710905,0,0,0,0,0
388,3,3,239,226,241,228,13.508851,0,0,0,0,0
389,3,3,241,228,246,232,14.467709,0,0,0,0,0
390,3,3,246,232,251,237,16.10072,0,0,0,0,0
391,3,3,251,237,256,241,16.764132,0,0,0,0,0
392,3,3,256,241,264,247,18.646929,0,0,0,0,0
393,3,3,264,247,272,254,19.240509,0,0,0,0,0
394,3,3,272,254,278,261,20.527042,0,0,0,0,0
395,3,3,278,261,287,268,20.962154,0,0,0,0,0
396,3,3,287,268,295,276,21.040043,0,0,0,0,0
397,3,3,295,276,303,282,21.397264,0,0,0,0,0
398,3,3,303,282,312,288,21.79746,0,0,0,0,0
399,3,3,312,288,320,295,22.348064,0,0,0,0,0
400,3,3,320,295,329,300,22.581736,0,0,0,0,0
401,3,3,329,300,342,308,22.51459,0,0,0,0,0
402,3,3,342,308,351,312,22.64351,0,0,0,0,0
403,3,3,351,312,362,317,22.726772,0,0,0,0,0
404,3,3,362,317,371,322,22.724087,0,0,0,0,0
405,3,3,371,322,378,325,22.691856,0,0,0,0,0
406,3,3,378,325,383,328,22.726772,0,0,0,0,0
407,3,3,383,328,387,330,22.699915,0,0,0,0,0
408,3,3,387,330,392,333,19.898548,0,0,0,0,0
409,3,3,392,333,394,336,14.137345,0,0,0,0,0
410,3,3,394,336,391,335,6.117324,0,0,0,0,0
411,3,3,391,335,384,332,5.0,0,0,0,0,0
412,3,4,249,130,250,129,7.033207,0,0,0,0,0
413,3,4,250,129,250,128,7.5462093,0,0,0,0,0
414,3,4,250,128,252,126,8.733366,0,0,0,0,0
415,3,4,252,126,253,124,9.689537,0,0,0,0,0
416,3,4,253,124,253,122,11.722745,0,0,0,0,0
417,3,4,253,122,252,121,12.8534975,0,0,0,0,0
418,3,4,252,121,252,120,13.88756,0,0,0,0,0
419,3,4,252,120,252,121,14.306556,0,0,0,0,0
420,3,4,252,121,252,123,14.682579,0,0,0,0,0
421,3,4,252,123,252,127,15.646808,0,0,0,0,0
422,3,4,252,127,250,134,16.294102,0,0,0,0,0
423,3,4,250,134,248,142,17.317421,0,0,0,0,0
424,3,4,248,142,245,151,18.26822,0,0,0,0,0
425,3,4,245,151,243,161,20.02747,0,0,0,0,0
426,3,4,243,161,241,172,20.989012,0,0,0,0,0
427,3,4,241,172,240,180,22.412525,0,0,0,0,0
428,3,4,240,180,239,192,23.836039,0,0,0,0,0
429,3,4,239,192,241,201,24.520937,0,0,0,0,0
430,3,4,241,201,241,208,26.057259,0,0,0,0,0
431,3,4,241,208,241,221,26.833475,0,0,0,0,0
432,3,4,241,221,240,232,27.0,0,0,0,0,0
433,3,4,240,232,237,244,27.0,0,0,0,0,0
434,3,4,237,244,235,255,27.0,0,0,0,0,0
435,3,4,235,255,234,264,27.0,0,0,0,0,0
436,3,4,234,264,233,274,27.0,0,0,0,0,0
437,3,4,233,274,233,283,27.0,0,0,0,0,0
438,3,4,233,283,232,292,27.0,0,0,0,0,0
439,3,4,232,292,232,301,27.0,0,0,0,0,0
440,3,4,232,301,231,310,27.0,0,0,0,0,0
441,3,4,231,310,230,319,27.0,0,0,0,0,0
442,3,4,230,319,229,328,27.0,0,0,0,0,0
443,3,4,229,328,229,337,27.0,0,0,0,0,0
444,3,4,229,337,229,347,27.0,0,0,0,0,0
445,3,4,229,347,228,358,27.0,0,0,0,0,0
446,3,4,228,358,226,370,27.0,0,0,0,0,0
447,3,4,226,370,225,382,27.0,0,0,0,0,0
448,3,4,225,382,225,392,27.0,0,0,0,0,0
449,3,4,225,392,224,400,27.0,0,0,0,0,0
450,3,4,224,400,223,407,27.0,0,0,0,0,0
451,3,4,223,407,222,414,27.0,0,0,0,0,0
452,3,4,222,414,221,419,27.0,0,0,0,0,0
453,3,4,221,419,222,423,27.0,0,0,0,0,0
454,3,4,222,423,223,426,27.0,0,0,0,0,0
455,3,4,223,426,224,427,27.0,0,0,0,0,0
456,3,4,224,427,225,429,27.0,0,0,0,0,0
457,3,4,225,429,226,430,24.55854,0,0,0,0,0
458,3,4,226,430,224,429,10.465755,0,0,0,0,0
459,3,4,224,429,219,423,5.0,0,0,0,0,0
460,3,5,184,314,183,316,8.838115,0,0,0,0,0
461,3,5,183,316,182,316,10.377121,0,0,0,0,0
462,3,5,182,316,183,317,11.174826,0,0,0,0,0
463,3,5,183,317,186,317,14.0675125,0,0,0,0,0
464,3,5,186,317,190,318,15.17678,0,0,0,0,0
465,3,5,190,318,201,320,17.389938,0,0,0,0,0
466,3,5,201,320,213,321,18.46429,0,0,0,0,0
467,3,5,213,321,222,322,18.75705,0,0,0,0,0
468,3,5,222,322,236,323,19.240509,0,0,0,0,0
469,3,5,236,323,245,324,19.619217,0,0,0,0,0
470,3,5,245,324,256,325,19.920034,0,0,0,0,0
471,3,5,256,325,263,326,20.255768,0,0,0,0,0
472,3,5,263,326,272,325,20.41692,0,0,0,0,0
473,3,5,272,325,280,325,20.588818,0,0,0,0,0
474,3,5,280,325,288,324,20.588818,0,0,0,0,0
475,3,5,288,324,295,323,20.596874,0,0,0,0,0
476,3,5,295,323,299,322,20.596874,0,0,0,0,0
477,3,5,299,322,304,319,20.529728,0,0,0,0,0
478,3,5,304,319,308,318,18.778538,0,0,0,0,0
479,3,5,308,318,309,317,16.358562,0,0,0,0,0
480,3,5,309,317,306,316,6.906971,0,0,0,0,0
481,3,5,306,316,300,315,5.0,0,0,0,0,0
482,4,1,115,205,115,206,10.847149,0,0,0,0,0
483,4,1,115,206,113,206,13.315468,0,0,0,0,0
484,4,1,113,206,114,206,14.032597,0,0,0,0,0
485,4,1,114,206,114,205,15.60652,0,0,0,0,0
486,4,1,114,205,114,205,17.841167,0,0,0,0,0
487,4,1,114,205,115,205,19.898548,0,0,0,0,0
488,4,1,115,205,117,205,22.823465,0,0,0,0,0
489,4,1,117,205,119,206,23.596996,0,0,0,0,0
490,4,1,119,206,126,208,25.103771,0,0,0,0,0
491,4,1,126,208,135,209,26.32316,0,0,0,0,0
492,4,1,135,209,143,210,26.92211,0,0,0,0,0
493,4,1,143,210,152,211,27.0,0,0,0,0,0
494,4,1,152,211,159,212,27.0,0,0,0,0,0
495,4,1,159,212,167,213,27.0,0,0,0,0,0
496,4,1,167,213,178,215,27.0,0,0,0,0,0
497,4,1,178,215,188,216,27.0,0,0,0,0,0
498,4,1,188,216,199,216,27.0,0,0,0,0,0
499,4,1,199,216,210,217,27.0,0,0,0,0,0
500,4,1,210,217,221,218,27.0,0,0,0,0,0
501,4,1,221,218,233,219,27.0,0,0,0,0,0
502,4,1,233,219,245,219,27.0,0,0,0,0,0
503,4,1,245,219,258,218,27.0,0,0,0,0,0
504,4,1,258,218,272,215,27.0,0,0,0,0,0
505,4,1,272,215,286,212,27.0,0,0,0,0,0
506,4,1,286,212,299,211,27.0,0,0,0,0,0
507,4,1,299,211,310,210,27.0,0,0,0,0,0
508,4,1,310,210,321,208,27.0,0,0,0,0,0
509,4,1,321,208,332,207,27.0,0,0,0,0,0
510,4,1,332,207,345,206,27.0,0,0,0,0,0
511,4,1,345,206,357,204,27.0,0,0,0,0,0
512,4,1,357,204,370,203,27.0,0,0,0,0,0
513,4,1,370,203,380,203,27.0,0,0,0,0,0
514,4,1,380,203,389,202,27.0,0,0,0,0,0
515,4,1,389,202,398,200,27.0,0,0,0,0,0
516,4,1,398,200,404,198,27.0,0,0,0,0,0
517,4,1,404,198,406,195,20.688194,0,0,0,0,0
518,4,1,406,195,402,192,11.658283,0,0,0,0,0
519,4,1,402,192,391,188,5.0,0,0,0,0,0
520,4,2,242,116,246,113,7.0009766,0,0,0,0,0
521,4,2,246,113,248,112,7.1433277,0,0,0,0,0
522,4,2,248,112,250,111,7.183616,0,0,0,0,0
523,4,2,250,111,251,111,7.2615066,0,0,0,0,0
524,4,2,251,111,253,111,7.640215,0,0,0,0,0
525,4,2,253,111,254,112,8.999268,0,0,0,0,0
526,4,2,254,112,254,112,9.603589,0,0,0,0,0
527,4,2,254,112,255,112,10.839092,0,0,0,0,0
528,4,2,255,112,255,112,12.1202545,0,0,0,0,0
529,4,2,255,112,255,115,13.138201,0,0,0,0,0
530,4,2,255,115,254,122,15.10426,0,0,0,0,0
531,4,2,254,122,252,129,16.938713,0,0,0,0,0
532,4,2,252,129,248,143,18.370285,0,0,0,0,0
533,4,2,248,143,247,155,20.387375,0,0,0,0,0
534,4,2,247,155,247,163,21.048101,0,0,0,0,0
535,4,2,247,163,247,175,22.275547,0,0,0,0,0
536,4,2,247,175,247,190,22.759003,0,0,0,0,0
537,4,2,247,190,245,201,22.955072,0,0,0,0,0
538,4,2,245,201,243,210,23.175314,0,0,0,0,0
539,4,2,243,210,239,226,23.336468,0,0,0,0,0
540,4,2,239,226,236,239,23.49762,0,0,0,0,0
541,4,2,236,239,236,250,23.9005,0,0,0,0,0
542,4,2,236,250,236,259,24.152973,0,0,0,0,0
543,4,2,236,259,236,266,24.668661,0,0,0,0,0
544,4,2,236,266,237,276,24.845928,0,0,0,0,0
545,4,2,237,276,235,290,25.22195,0,0,0,0,0
546,4,2,235,290,233,301,25.466366,0,0,0,0,0
547,4,2,233,301,230,313,25.579172,0,0,0,0,0
548,4,2,230,313,227,324,25.769869,0,0,0,0,0
549,4,2,227,324,226,332,25.78867,0,0,0,0,0
550,4,2,226,332,225,343,25.791355,0,0,0,0,0
551,4,2,225,343,226,354,25.84776,0,0,0,0,0
552,4,2,226,354,225,366,25.858503,0,0,0,0,0
553,4,2,225,366,224,380,25.888046,0,0,0,0,0
554,4,2,224,380,224,386,25.842388,0,0,0,0,0
555,4,2,224,386,224,392,25.826273,0,0,0,0,0
556,4,2,224,392,226,399,25.78867,0,0,0,0,0
557,4,2,226,399,227,404,25.78867,0,0,0,0,0
558,4,2,227,404,228,412,25.791355,0,0,0,0,0
559,4,2,228,412,228,421,25.748383,0,0,0,0,0
560,4,2,228,421,228,425,25.734953,0,0,0,0,0
561,4,2,228,425,229,431,25.718838,0,0,0,0,0
562,4,2,229,431,229,437,25.732267,0,0,0,0,0
563,4,2,229,437,229,443,25.195091,0,0,0,0,0
564,4,2,229,443,229,448,22.092907,0,0,0,0,0
565,4,2,229,448,229,453,19.364058,0,0,0,0,0
566,4,2,229,453,228,454,9.157734,0,0,0,0,0
567,4,2,228,454,221,454,5.0,0,0,0,0,0
568,4,3,126,308,127,309,7.7530212,0,0,0,0,0
569,4,3,127,309,129,310,10.785374,0,0,0,0,0
570,4,3,129,310,129,310,11.86241,0,0,0,0,0
571,4,3,129,310,129,311,13.132829,0,0,0,0,0
572,4,3,129,311,129,311,14.577829,0,0,0,0,0
573,4,3,129,311,131,310,17.841167,0,0,0,0,0
574,4,3,131,310,136,308,20.011353,0,0,0,0,0
575,4,3,136,308,141,306,20.454525,0,0,0,0,0
576,4,3,141,306,147,302,21.233427,0,0,0,0,0
577,4,3,147,302,156,298,21.450983,0,0,0,0,0
578,4,3,156,298,163,293,22.100964,0,0,0,0,0
579,4,3,163,293,171,288,22.600536,0,0,0,0,0
580,4,3,171,288,177,282,22.705286,0,0,0,0,0
581,4,3,177,282,183,276,22.861067,0,0,0,0,0
582,4,3,183,276,190,271,22.904041,0,0,0,0,0
583,4,3,190,271,197,265,22.893297,0,0,0,0,0
584,4,3,197,265,203,261,22.850325,0,0,0,0,0
585,4,3,203,261,208,257,22.831522,0,0,0,0,0
586,4,3,208,257,211,253,22.828836,0,0,0,0,0
587,4,3,211,253,214,249,22.80735,0,0,0,0,0
588,4,3,214,249,219,244,22.909412,0,0,0,0,0
589,4,3,219,244,221,241,22.836893,0,0,0,0,0
590,4,3,221,241,225,237,22.710659,0,0,0,0,0
591,4,3,225,237,228,234,22.667685,0,0,0,0,0
592,4,3,228,234,232,231,22.74289,0,0,0,0,0
593,4,3,232,231,233,230,22.80735,0,0,0,0,0
594,4,3,233,230,235,228,22.482359,0,0,0,0,0
595,4,3,235,228,235,228,18.195702,0,0,0,0,0
596,4,3,235,228,236,228,15.794531,0,0,0,0,0
597,4,3,236,228,236,228,9.702967,0,0,0,0,0
598,4,3,236,228,236,227,5.0,0,0,0,0,0
599,4,4,233,227,234,229,8.505066,0,0,0,0,0
600,4,4,234,229,235,231,10.594677,0,0,0,0,0
601,4,4,235,231,237,235,12.1202545,0,0,0,0,0
602,4,4,237,235,239,238,12.614455,0,0,0,0,0
603,4,4,239,238,242,242,13.812355,0,0,0,0,0
604,4,4,242,242,245,245,14.7604685,0,0,0,0,0
605,4,4,245,245,248,249,16.45257,0,0,0,0,0
606,4,4,248,249,250,255,18.107069,0,0,0,0,0
607,4,4,250,255,252,258,18.810768,0,0,0,0,0
608,4,4,252,258,256,261,19.18142,0,0,0,0,0
609,4,4,256,261,259,265,19.66756,0,0,0,0,0
610,4,4,259,265,262,268,19.774998,0,0,0,0,0
611,4,4,262,268,266,272,20.137589,0,0,0,0,0
612,4,4,266,272,271,275,20.400806,0,0,0,0,0
613,4,4,271,275,275,278,20.67208,0,0,0,0,0
614,4,4,275,278,280,281,20.88695,0,0,0,0,0
615,4,4,280,281,283,283,21.104506,0,0,0,0,0
616,4,4,283,283,289,286,21.496643,0,0,0,0,0
617,4,4,289,286,295,289,21.614822,0,0,0,0,0
618,4,4,295,289,303,292,22.071419,0,0,0,0,0
619,4,4,303,292,312,295,22.485044,0,0,0,0,0
620,4,4,312,295,319,297,22.648884,0,0,0,0,0
621,4,4,319,297,324,300,22.941643,0,0,0,0,0
622,4,4,324,300,330,302,23.016848,0,0,0,0,0
623,4,4,330,302,337,305,23.054451,0,0,0,0,0
624,4,4,337,305,344,308,23.250519,0,0,0,0,0
625,4,4,344,308,351,310,23.352581,0,0,0,0,0
626,4,4,351,310,358,312,23.631912,0,0,0,0,0
627,4,4,358,312,365,314,23.728603,0,0,0,0,0
628,4,4,365,314,373,315,23.857527,0,0,0,0,0
629,4,4,373,315,379,317,23.948847,0,0,0,0,0
630,4,4,379,317,384,318,23.905872,0,0,0,0,0
631,4,4,384,318,388,319,23.892443,0,0,0,0,0
632,4,4,388,319,393,318,23.852156,0,0,0,0,0
633,4,4,393,318,397,318,22.057991,0,0,0,0,0
634,4,4,397,318,401,316,14.510683,0,0,0,0,0
635,4,4,401,316,403,313,8.214993,0,0,0,0,0
636,4,4,403,313,402,309,5.0,0,0,0,0,0
637,5,1,50,320,50,321,9.55793,0,0,0,0,0
638,5,1,50,321,51,322,12.039679,0,0,0,0,0
639,5,1,51,322,51,322,12.729948,0,0,0,0,0
640,5,1,51,322,51,323,15.171408,0,0,0,0,0
641,5,1,51,323,50,323,19.514467,0,0,0,0,0
642,5,1,50,323,50,323,21.155537,0,0,0,0,0
643,5,1,50,323,49,323,24.056282,0,0,0,0,0
644,5,1,49,323,50,325,24.649858,0,0,0,0,0
645,5,1,50,325,53,326,25.654377,0,0,0,0,0
646,5,1,53,326,59,328,26.409107,0,0,0,0,0
647,5,1,59,328,69,331,26.846905,0,0,0,0,0
648,5,1,69,331,77,333,27.0,0,0,0,0,0
649,5,1,77,333,89,334,27.0,0,0,0,0,0
650,5,1,89,334,105,336,27.0,0,0,0,0,0
651,5,1,105,336,114,337,27.0,0,0,0,0,0
652,5,1,114,337,126,339,27.0,0,0,0,0,0
653,5,1,126,339,137,339,27.0,0,0,0,0,0
654,5,1,137,339,150,340,27.0,0,0,0,0,0
655,5,1,150,340,160,340,27.0,0,0,0,0,0
656,5,1,160,340,168,340,27.0,0,0,0,0,0
657,5,1,168,340,182,340,27.0,0,0,0,0,0
658,5,1,182,340,193,339,27.0,0,0,0,0,0
659,5,1,193,339,200,338,27.0,0,0,0,0,0
660,5,1,200,338,205,337,26.43328,0,0,0,0,0
661,5,1,205,337,208,337,21.198511,0,0,0,0,0
662,5,1,208,337,209,336,12.09071,0,0,0,0,0
663,5,1,209,336,207,335,8.231108,0,0,0,0,0
664,5,2,61,407,63,405,7.4763765,0,0,0,0,0
665,5,2,63,405,65,405,9.369919,0,0,0,0,0
666,5,2,65,405,67,403,12.431816,0,0,0,0,0
667,5,2,67,403,70,401,13.492736,0,0,0,0,0
668,5,2,70,401,72,399,15.585032,0,0,0,0,0
669,5,2,72,399,76,396,16.47943,0,0,0,0,0
670,5,2,76,396,81,392,17.064949,0,0,0,0,0
671,5,2,81,392,87,386,17.610182,0,0,0,0,0
672,5,2,87,386,95,377,17.73642,0,0,0,0,0
673,5,2,95,377,103,371,17.744476,0,0,0,0,0
674,5,2,103,371,108,366,17.752533,0,0,0,0,0
675,5,2,108,366,117,359,17.73642,0,0,0,0,0
676,5,2,117,359,123,354,17.795507,0,0,0,0,0
677,5,2,123,354,126,350,17.653156,0,0,0,0,0
678,5,2,126,350,129,348,17.572578,0,0,0,0,0
679,5,2,129,348,132,344,17.027348,0,0,0,0,0
680,5,2,132,344,136,341,16.672813,0,0,0,0,0
681,5,2,136,341,136,340,14.362959,0,0,0,0,0
682,5,2,136,340,136,340,9.332315,0,0,0,0,0
683,5,2,136,340,131,341,6.9204006,0,0,0,0,0
684,5,2,131,341,127,342,5.0,0,0,0,0,0
685,5,3,123,340,125,342,8.975095,0,0,0,0,0
686,5,3,125,342,126,345,11.295691,0,0,0,0,0
687,5,3,126,345,127,349,13.627029,0,0,0,0,0
688,5,3,127,349,129,354,14.70138,0,0,0,0,0
689,5,3,129,354,132,361,16.173239,0,0,0,0,0
690,5,3,132,361,136,369,16.927969,0,0,0,0,0
691,5,3,136,369,142,377,17.816994,0,0,0,0,0
692,5,3,142,377,147,386,18.638872,0,0,0,0,0
693,5,3,147,386,155,395,18.920889,0,0,0,0,0
694,5,3,155,395,163,402,19.16799,0,0,0,0,0
695,5,3,163,402,174,408,19.23245,0,0,0,0,0
696,5,3,174,408,185,410,18.013062,0,0,0,0,0
697,5,3,185,410,192,411,12.399586,0,0,0,0,0
698,5,3,192,411,193,408,7.465633,0,0,0,0,0
699,5,3,193,408,186,404,5.0,0,0,0,0,0
700,5,4,158,256,157,255,7.8443413,0,0,0,0,0
701,5,4,157,255,158,254,9.670736,0,0,0,0,0
702,5,4,158,254,158,254,10.23477,0,0,0,0,0
703,5,4,158,254,158,254,11.096935,0,0,0,0,0
704,5,4,158,254,158,254,11.223172,0,0,0,0,0
705,5,4,158,254,156,257,11.3359785,0,0,0,0,0
706,5,4,156,257,154,260,11.617995,0,0,0,0,0
707,5,4,154,260,152,265,12.050421,0,0,0,0,0
708,5,4,152,265,148,277,13.038823,0,0,0,0,0
709,5,4,148,277,145,289,13.44439,0,0,0,0,0
710,5,4,145,289,143,300,14.070199,0,0,0,0,0
711,5,4,143,300,140,318,14.669149,0,0,0,0,0
712,5,4,140,318,139,329,15.037114,0,0,0,0,0
713,5,4,139,329,138,337,15.399707,0,0,0,0,0
714,5,4,138,337,136,347,15.474912,0,0,0,0,0
715,5,4,136,347,134,358,15.450739,0,0,0,0,0
716,5,4,134,358,132,367,15.5152,0,0,0,0,0
717,5,4,132,367,132,376,15.628007,0,0,0,0,0
718,5,4,132,376,133,387,15.6763525,0,0,0,0,0
719,5,4,133,387,133,393,15.684409,0,0,0,0,0
720,5,4,133,393,132,403,15.679038,0,0,0,0,0
721,5,4,132,403,131,411,15.837504,0,0,0,0,0
722,5,4,131,411,132,419,16.004028,0,0,0,0,0
723,5,4,132,419,133,426,16.143694,0,0,0,0,0
724,5,4,133,426,134,433,16.149067,0,0,0,0,0
725,5,4,134,433,134,440,16.135637,0,0,0,0,0
726,5,4,134,440,133,446,15.673666,0,0,0,0,0
727,5,4,133,446,133,451,15.018312,0,0,0,0,0
728,5,4,133,451,132,453,11.088879,0,0,0,0,0
729,5,4,132,453,130,454,5.0,0,0,0,0,0
730,5,5,257,237,258,237,10.135392,0,0,0,0,0
731,5,5,258,237,258,237,11.435356,0,0,0,0,0
732,5,5,258,237,257,237,13.302039,0,0,0,0,0
733,5,5,257,237,258,238,14.043341,0,0,0,0,0
734,5,5,258,238,262,239,17.328165,0,0,0,0,0
735,5,5,262,239,271,240,18.144672,0,0,0,0,0
736,5,5,271,240,280,241,19.415089,0,0,0,0,0
737,5,5,280,241,297,242,20.236967,0,0,0,0,0
738,5,5,297,242,313,243,20.553902,0,0,0,0,0
739,5,5,313,243,326,243,20.870834,0,0,0,0,0
740,5,5,326,243,349,240,20.90038,0,0,0,0,0
741,5,5,349,240,367,236,20.956781,0,0,0,0,0
742,5,5,367,236,382,231,20.145649,0,0,0,0,0
743,5,5,382,231,393,227,18.29508,0,0,0,0,0
744,5,5,393,227,396,226,13.694177,0,0,0,0,0
745,5,5,396,226,394,224,6.1656694,0,0,0,0,0
746,5,5,394,224,386,222,5.0,0,0,0,0,0
747,5,6,325,178,327,174,7.61067,0,0,0,0,0
748,5,6,327,174,328,172,9.085216,0,0,0,0,0
749,5,6,328,172,329,171,9.829203,0,0,0,0,0
750,5,6,329,171,329,170,11.137224,0,0,0,0,0
751,5,6,329,170,329,170,12.235746,0,0,0,0,0
752,5,6,329,170,329,170,13.575998,0,0,0,0,0
753,5,6,329,170,328,174,14.043341,0,0,0,0,0
754,5,6,328,174,326,183,14.749725,0,0,0,0,0
755,5,6,326,183,324,195,15.437309,0,0,0,0,0
756,5,6,324,195,321,210,16.154438,0,0,0,0,0
757,5,6,321,210,319,227,17.688072,0,0,0,0,0
758,5,6,319,227,316,245,18.405201,0,0,0,0,0
759,5,6,316,245,313,264,18.547552,0,0,0,0,0
760,5,6,313,264,313,281,18.778538,0,0,0,0,0
761,5,6,313,281,314,297,18.821512,0,0,0,0,0
762,5,6,314,297,315,309,18.735565,0,0,0,0,0
763,5,6,315,309,317,318,16.581491,0,0,0,0,0
764,5,6,317,318,319,323,15.066658,0,0,0,0,0
765,5,6,319,323,319,325,8.625931,0,0,0,0,0
766,5,6,319,325,316,324,5.0,0,0,0,0,0
767,5,7,272,293,276,293,8.695764,0,0,0,0,0
768,5,7,276,293,280,292,9.439751,0,0,0,0,0
769,5,7,280,292,285,290,10.503357,0,0,0,0,0
770,5,7,285,290,291,284,11.35478,0,0,0,0,0
771,5,7,291,284,299,277,11.886583,0,0,0,0,0
772,5,7,299,277,309,269,12.302894,0,0,0,0,0
773,5,7,309,269,318,261,12.300207,0,0,0,0,0
774,5,7,318,261,325,253,11.859724,0,0,0,0,0
775,5,7,325,253,330,246,10.385179,0,0,0,0,0
776,5,7,330,246,333,241,9.36186,0,0,0,0,0
777,5,7,333,241,333,237,5.145037,0,0,0,0,0
778,5,8,317,239,318,240,7.833598,0,0,0,0,0
779,5,8,318,240,319,243,10.532902,0,0,0,0,0
780,5,8,319,243,320,247,11.284946,0,0,0,0,0
781,5,8,320,247,323,254,13.132829,0,0,0,0,0
782,5,8,323,254,326,262,15.743499,0,0,0,0,0
783,5,8,326,262,332,271,17.31205,0,0,0,0,0
784,5,8,332,271,340,281,18.993408,0,0,0,0,0
785,5,8,340,281,350,290,19.329142,0,0,0,0,0
786,5,8,350,290,361,297,19.648762,0,0,0,0,0
787,5,8,361,297,371,302,19.67562,0,0,0,0,0
788,5,8,371,302,380,303,17.628983,0,0,0,0,0
789,5,8,380,303,384,303,7.4548893,0,0,0,0,0
790,5,8,384,303,380,301,5.0,0,0,0,0,0
791,5,9,324,351,323,353,8.534611,0,0,0,0,0
792,5,9,323,353,323,354,10.981443,0,0,0,0,0
793,5,9,323,354,324,355,12.069222,0,0,0,0,0
794,5,9,324,355,329,356,15.031742,0,0,0,0,0
795,5,9,329,356,337,357,16.74533,0,0,0,0,0
796,5,9,337,357,348,358,18.397144,0,0,0,0,0
797,5,9,348,358,362,360,19.820658,0,0,0,0,0
798,5,9,362,360,377,362,20.065071,0,0,0,0,0
799,5,9,377,362,392,363,20.553902,0,0,0,0,0
800,5,9,392,363,409,363,20.766085,0,0,0,0,0
801,5,9,409,363,427,361,20.916494,0,0,0,0,0
802,5,9,427,361,441,358,20.830547,0,0,0,0,0
803,5,9,441,358,452,356,20.843975,0,0,0,0,0
804,5,9,452,356,458,355,20.27457,0,0,0,0,0
805,5,9,458,355,461,354,18.617386,0,0,0,0,0
806,5,9,461,354,462,353,11.481016,0,0,0,0,0
807,5,9,462,353,457,350,5.90514,0,0,0,0,0
808,5,10,410,297,411,299,7.941033,0,0,0,0,0
809,5,10,411,299,411,305,10.414723,0,0,0,0,0
810,5,10,411,305,411,310,11.448786,0,0,0,0,0
811,5,10,411,310,408,321,12.955561,0,0,0,0,0
812,5,10,408,321,404,335,14.507997,0,0,0,0,0
813,5,10,404,335,399,351,15.112319,0,0,0,0,0
814,5,10,399,351,396,368,16.382738,0,0,0,0,0
815,5,10,396,368,393,387,16.876938,0,0,0,0,0
816,5,10,393,387,391,404,17.209988,0,0,0,0,0
817,5,10,391,404,389,419,17.381882,0,0,0,0,0
818,5,10,389,419,387,430,17.438286,0,0,0,0,0
819,5,10,387,430,386,439,17.212673,0,0,0,0,0
820,5,10,386,439,383,448,15.542059,0,0,0,0,0
821,5,10,383,448,381,453,14.231352,0,0,0,0,0
822,5,10,381,453,379,457,8.698449,0,0,0,0,0
823,5,10,379,457,377,457,5.217556,0,0,0,0,0
824,5,11,328,412,335,412,10.078989,0,0,0,0,0
825,5,11,335,412,345,409,12.700403,0,0,0,0,0
826,5,11,345,409,352,406,13.33427,0,0,0,0,0
827,5,11,352,406,361,401,14.236723,0,0,0,0,0
828,5,11,361,401,373,395,14.499939,0,0,0,0,0
829,5,11,373,395,385,387,14.516054,0,0,0,0,0
830,5,11,385,387,395,379,14.419363,0,0,0,0,0
831,5,11,395,379,402,373,13.909047,0,0,0,0,0
832,5,11,402,373,405,368,11.722745,0,0,0,0,0
833,5,11,405,368,405,363,10.070931,0,0,0,0,0
834,5,11,405,363,402,360,5.0,0,0,0,0,0
835,5,12,393,350,396,352,8.545355,0,0,0,0,0
836,5,12,396,352,398,357,9.391405,0,0,0,0,0
837,5,12,398,357,400,361,11.475644,0,0,0,0,0
838,5,12,400,361,404,371,12.139055,0,0,0,0,0
839,5,12,404,371,407,379,13.780125,0,0,0,0,0
840,5,12,407,379,410,390,15.523257,0,0,0,0,0
841,5,12,410,390,414,399,16.216213,0,0,0,0,0
842,5,12,414,399,419,408,17.580637,0,0,0,0,0
843,5,12,419,408,426,414,18.30851,0,0,0,0,0
844,5,12,426,414,434,420,18.391773,0,0,0,0,0
845,5,12,434,420,438,423,18.421314,0,0,0,0,0
846,5,12,438,423,443,425,18.17153,0,0,0,0,0
847,5,12,443,425,446,426,16.431084,0,0,0,0,0
848,5,12,446,426,450,426,12.547308,0,0,0,0,0
849,5,12,450,426,452,425,10.199854,0,0,0,0,0
850,5,12,452,425,453,424,5.0,0,0,0,0,0
851,6,1,117,209,117,209,6.8344526,0,0,0,0,0
852,6,1,117,209,119,207,7.3877425,0,0,0,0,0
853,6,1,119,207,120,205,8.42449,0,0,0,0,0
854,6,1,120,205,122,201,9.83726,0,0,0,0,0
855,6,1,122,201,123,197,11.161396,0,0,0,0,0
856,6,1,123,197,123,194,11.900013,0,0,0,0,0
857,6,1,123,194,124,191,13.8419,0,0,0,0,0
858,6,1,124,191,125,190,14.889391,0,0,0,0,0
859,6,1,125,190,126,189,17.28519,0,0,0,0,0
860,6,1,126,189,126,189,17.771336,0,0,0,0,0
861,6,1,126,189,127,191,19.533268,0,0,0,0,0
862,6,1,127,191,126,198,21.79746,0,0,0,0,0
863,6,1,126,198,124,207,22.407154,0,0,0,0,0
864,6,1,124,207,121,217,23.59431,0,0,0,0,0
865,6,1,121,217,116,238,24.33024,0,0,0,0,0
866,6,1,116,238,112,256,24.537054,0,0,0,0,0
867,6,1,112,256,111,270,24.8513,0,0,0,0,0
868,6,1,111,270,109,287,25.11183,0,0,0,0,0
869,6,1,109,287,105,306,25.745697,0,0,0,0,0
870,6,1,105,306,102,317,25.933708,0,0,0,0,0
871,6,1,102,317,94,338,25.965939,0,0,0,0,0
872,6,1,94,338,89,350,25.888046,0,0,0,0,0
873,6,1,89,350,86,362,25.839703,0,0,0,0,0
874,6,1,86,362,86,370,25.592602,0,0,0,0,0
875,6,1,86,370,87,376,24.327555,0,0,0,0,0
876,6,1,87,376,87,379,22.85301,0,0,0,0,0
877,6,1,87,379,87,380,13.989623,0,0,0,0,0
878,6,1,87,380,86,376,7.479062,0,0,0,0,0
879,6,2,237,145,239,143,7.699304,0,0,0,0,0
880,6,2,239,143,241,139,9.458551,0,0,0,0,0
881,6,2,241,139,240,137,12.410329,0,0,0,0,0
882,6,2,240,137,240,135,13.183861,0,0,0,0,0
883,6,2,240,135,240,135,14.704065,0,0,0,0,0
884,6,2,240,135,241,136,15.69784,0,0,0,0,0
885,6,2,241,136,240,142,19.466122,0,0,0,0,0
886,6,2,240,142,237,155,23.774265,0,0,0,0,0
887,6,2,237,155,232,177,25.657063,0,0,0,0,0
888,6,2,232,177,226,202,27.0,0,0,0,0,0
889,6,2,226,202,219,232,27.0,0,0,0,0,0
890,6,2,219,232,212,263,27.0,0,0,0,0,0
891,6,2,212,263,207,292,27.0,0,0,0,0,0
892,6,2,207,292,203,312,27.0,0,0,0,0,0
893,6,2,203,312,195,343,27.0,0,0,0,0,0
894,6,2,195,343,189,364,27.0,0,0,0,0,0
895,6,2,189,364,184,383,27.0,0,0,0,0,0
896,6,2,184,383,182,396,27.0,0,0,0,0,0
897,6,2,182,396,181,405,27.0,0,0,0,0,0
898,6,2,181,405,183,409,26.043829,0,0,0,0,0
899,6,2,183,409,184,409,24.28458,0,0,0,0,0
900,6,2,184,409,184,408,16.449884,0,0,0,0,0
901,6,2,184,408,180,409,8.303626,0,0,0,0,0
902,6,2,180,409,176,408,5.0322304,0,0,0,0,0
903,6,3,315,167,318,167,8.531925,0,0,0,0,0
904,6,3,318,167,319,167,11.215115,0,0,0,0,0
905,6,3,319,167,320,169,12.566109,0,0,0,0,0
906,6,3,320,169,320,177,16.77219,0,0,0,0,0
907,6,3,320,177,316,200,21.265657,0,0,0,0,0
908,6,3,316,200,312,219,22.600536,0,0,0,0,0
909,6,3,312,219,302,257,24.765352,0,0,0,0,0
910,6,3,302,257,295,280,25.127945,0,0,0,0,0
911,6,3,295,280,286,307,25.455622,0,0,0,0,0
912,6,3,286,307,277,330,24.692833,0,0,0,0,0
913,6,3,277,330,272,347,20.282627,0,0,0,0,0
914,6,3,272,347,271,353,14.105115,0,0,0,0,0
915,6,3,271,353,272,356,5.083262,0,0,0,0,0
916,6,3,272,356,273,355,5.0,0,0,0,0,0
917,6,4,284,319,284,320,7.0170918,0,0,0,0,0
918,6,4,284,320,285,321,7.6590157,0,0,0,0,0
919,6,4,285,321,284,321,7.8497133,0,0,0,0,0
920,6,4,284,321,282,323,8.3412285,0,0,0,0,0
921,6,4,282,323,281,323,8.907948,0,0,0,0,0
922,6,4,281,323,281,324,9.8587475,0,0,0,0,0
923,6,4,281,324,281,324,10.874008,0,0,0,0,0
924,6,4,281,324,280,325,11.4675865,0,0,0,0,0
925,6,4,280,325,280,327,12.173971,0,0,0,0,0
926,6,4,280,327,279,328,12.547308,0,0,0,0,0
927,6,4,279,328,277,331,12.926017,0,0,0,0,0
928,6,4,277,331,274,334,12.998535,0,0,0,0,0
929,6,4,274,334,271,338,13.406788,0,0,0,0,0
930,6,4,271,338,270,342,14.037969,0,0,0,0,0
931,6,4,270,342,269,345,14.293126,0,0,0,0,0
932,6,4,269,345,268,348,15.203638,0,0,0,0,0
933,6,4,268,348,266,351,15.474912,0,0,0,0,0
934,6,4,266,351,265,355,16.047003,0,0,0,0,0
935,6,4,265,355,264,359,16.307533,0,0,0,0,0
936,6,4,264,359,263,365,16.431084,0,0,0,0,0
937,6,4,263,365,262,368,17.059578,0,0,0,0,0
938,6,4,262,368,262,372,17.551092,0,0,0,0,0
939,6,4,262,372,261,375,18.246735,0,0,0,0,0
940,6,4,261,375,260,379,18.732876,0,0,0,0,0
941,6,4,260,379,261,383,19.38823,0,0,0,0,0
942,6,4,261,383,261,387,19.807228,0,0,0,0,0
943,6,4,261,387,261,391,20.395433,0,0,0,0,0
944,6,4,261,391,261,395,20.946037,0,0,0,0,0
945,6,4,261,395,262,399,21.273716,0,0,0,0,0
946,6,4,262,399,262,404,21.74643,0,0,0,0,0
947,6,4,262,404,262,408,22.039188,0,0,0,0,0
948,6,4,262,408,263,412,22.321205,0,0,0,0,0
949,6,4,263,412,263,415,22.673056,0,0,0,0,0
950,6,4,263,415,263,417,22.831522,0,0,0,0,0
951,6,4,263,417,264,420,22.874496,0,0,0,0,0
952,6,4,264,420,264,422,22.936272,0,0,0,0,0
953,6,4,264,422,264,425,22.987303,0,0,0,0,0
954,6,4,264,425,265,427,23.183372,0,0,0,0,0
955,6,4,265,427,266,430,23.215603,0,0,0,0,0
956,6,4,266,430,267,432,23.250519,0,0,0,0,0
957,6,4,267,432,268,435,23.317665,0,0,0,0,0
958,6,4,268,435,270,438,23.36064,0,0,0,0,0
959,6,4,270,438,270,440,23.382126,0,0,0,0,0
960,6,4,270,440,272,441,23.41167,0,0,0,0,0
961,6,4,272,441,273,443,23.371384,0,0,0,0,0
962,6,4,273,443,275,444,23.14577,0,0,0,0,0
963,6,4,275,444,276,445,19.715908,0,0,0,0,0
964,6,4,276,445,278,446,16.26993,0,0,0,0,0
965,6,4,278,446,276,444,5.0,0,0,0,0,0
966,7,1,63,158,63,158,9.568672,0,0,0,0,0
967,7,1,63,158,63,158,11.333292,0,0,0,0,0
968,7,1,63,158,63,158,14.298498,0,0,0,0,0
969,7,1,63,158,62,158,15.646808,0,0,0,0,0
970,7,1,62,158,62,158,19.544012,0,0,0,0,0
971,7,1,62,158,61,158,23.994507,0,0,0,0,0
972,7,1,61,158,61,159,24.424246,0,0,0,0,0
973,7,1,61,159,61,160,26.43328,0,0,0,0,0
974,7,1,61,160,64,162,27.0,0,0,0,0,0
975,7,1,64,162,69,165,27.0,0,0,0,0,0
976,7,1,69,165,78,168,27.0,0,0,0,0,0
977,7,1,78,168,90,171,27.0,0,0,0,0,0
978,7,1,90,171,103,173,27.0,0,0,0,0,0
979,7,1,103,173,120,176,27.0,0,0,0,0,0
980,7,1,120,176,143,178,27.0,0,0,0,0,0
981,7,1,143,178,172,179,27.0,0,0,0,0,0
982,7,1,172,179,204,181,27.0,0,0,0,0,0
983,7,1,204,181,230,183,27.0,0,0,0,0,0
984,7,1,230,183,248,185,27.0,0,0,0,0,0
985,7,1,248,185,263,188,27.0,0,0,0,0,0
986,7,1,263,188,281,188,27.0,0,0,0,0,0
987,7,1,281,188,302,186,27.0,0,0,0,0,0
988,7,1,302,186,324,184,27.0,0,0,0,0,0
989,7,1,324,184,345,183,27.0,0,0,0,0,0
990,7,1,345,183,370,184,27.0,0,0,0,0,0
991,7,1,370,184,384,184,27.0,0,0,0,0,0
992,7,1,384,184,399,184,27.0,0,0,0,0,0
993,7,1,399,184,410,183,27.0,0,0,0,0,0
994,7,1,410,183,414,183,27.0,0,0,0,0,0
995,7,1,414,183,417,182,25.24881,0,0,0,0,0
996,7,1,417,182,418,182,12.093395,0,0,0,0,0
997,7,1,418,182,417,181,7.293737,0,0,0,0,0
998,7,2,194,89,198,89,9.506898,0,0,0,0,0
999,7,2,198,89,199,89,11.086192,0,0,0,0,0
1000,7,2,199,89,200,90,12.837382,0,0,0,0,0
1001,7,2,200,90,200,92,13.58137,0,0,0,0,0
1002,7,2,200,92,201,96,15.480283,0,0,0,0,0
1003,7,2,201,96,201,101,17.714931,0,0,0,0,0
1004,7,2,201,101,199,110,19.24588,0,0,0,0,0
1005,7,2,199,110,197,123,21.644365,0,0,0,0,0
1006,7,2,197,123,192,140,22.895983,0,0,0,0,0
1007,7,2,192,140,186,158,23.368698,0,0,0,0,0
1008,7,2,186,158,176,176,23.583567,0,0,0,0,0
1009,7,2,176,176,166,195,23.610426,0,0,0,0,0
1010,7,2,166,195,155,213,23.567451,0,0,0,0,0
1011,7,2,155,213,149,227,23.578196,0,0,0,0,0
1012,7,2,149,227,142,244,23.66683,0,0,0,0,0
1013,7,2,142,244,140,252,23.728603,0,0,0,0,0
1014,7,2,140,252,136,261,23.68563,0,0,0,0,0
1015,7,2,136,261,132,266,23.672201,0,0,0,0,0
1016,7,2,132,266,128,271,23.693687,0,0,0,0,0
1017,7,2,128,271,125,273,23.723232,0,0,0,0,0
1018,7,2,125,273,124,275,23.763521,0,0,0,0,0
1019,7,2,124,275,123,275,23.833353,0,0,0,0,0
1020,7,2,123,275,123,274,23.852156,0,0,0,0,0
1021,7,2,123,274,124,272,23.806496,0,0,0,0,0
1022,7,2,124,272,126,268,23.870956,0,0,0,0,0
1023,7,2,126,268,130,266,24.067024,0,0,0,0,0
1024,7,2,130,266,138,261,24.40276,0,0,0,0,0
1025,7,2,138,261,145,260,24.923819,0,0,0,0,0
1026,7,2,145,260,160,260,25.259554,0,0,0,0,0
1027,7,2,160,260,172,263,25.700037,0,0,0,0,0
1028,7,2,172,263,191,269,26.162006,0,0,0,0,0
1029,7,2,191,269,219,282,26.301672,0,0,0,0,0
1030,7,2,219,282,241,293,26.376877,0,0,0,0,0
1031,7,2,241,293,261,306,26.441338,0,0,0,0,0
1032,7,2,261,306,278,320,26.626663,0,0,0,0,0
1033,7,2,278,320,290,330,26.57026,0,0,0,0,0
1034,7,2,290,330,310,345,26.589062,0,0,0,0,0
1035,7,2,310,345,324,355,26.554144,0,0,0,0,0
1036,7,2,324,355,331,360,26.188866,0,0,0,0,0
1037,7,2,331,360,338,365,21.287144,0,0,0,0,0
1038,7,2,338,365,340,365,9.340374,0,0,0,0,0
1039,7,2,340,365,338,361,5.0,0,0,0,0,0
1040,7,3,291,186,291,188,9.595531,0,0,0,0,0
1041,7,3,291,188,291,190,10.524845,0,0,0,0,0
1042,7,3,291,190,289,195,14.01111,0,0,0,0,0
1043,7,3,289,195,286,206,18.563667,0,0,0,0,0
1044,7,3,286,206,279,222,20.578074,0,0,0,0,0
1045,7,4,282,221,282,222,6.407398,0,0,0,0,0
1046,7,4,282,222,283,222,6.654499,0,0,0,0,0
1047,7,4,283,222,283,222,7.2346478,0,0,0,0,0
1048,7,4,283,222,283,221,7.4307165,0,0,0,0,0
1049,7,4,283,221,283,221,7.6590157,0,0,0,0,0
1050,7,4,283,221,283,220,8.129044,0,0,0,0,0
1051,7,4,283,220,283,220,8.257966,0,0,0,0,0
1052,7,4,283,220,282,220,8.45672,0,0,0,0,0
1053,7,4,282,220,282,220,8.660847,0,0,0,0,0
1054,7,4,282,220,281,220,8.953608,0,0,0,0,0
1055,7,4,281,220,281,220,9.27054,0,0,0,0,0
1056,7,4,281,220,281,220,9.477353,0,0,0,0,0
1057,7,4,281,220,281,220,9.88292,0,0,0,0,0
1058,7,4,281,220,281,220,10.036015,0,0,0,0,0
1059,7,4,281,220,281,221,10.060188,0,0,0,0,0
1060,7,4,281,221,281,221,10.226712,0,0,0,0,0
1061,7,4,281,221,281,221,10.363691,0,0,0,0,0
1062,7,4,281,221,281,221,10.583934,0,0,0,0,0
1063,7,4,281,221,280,222,10.605421,0,0,0,0,0
1064,7,4,280,222,280,223,10.608107,0,0,0,0,0
1065,7,4,280,223,279,224,10.664511,0,0,0,0,0
1066,7,4,279,224,278,225,10.734343,0,0,0,0,0
1067,7,4,278,225,278,227,10.745087,0,0,0,0,0
1068,7,4,278,227,276,229,10.833719,0,0,0,0,0
1069,7,4,276,229,276,231,11.010988,0,0,0,0,0
1070,7,4,276,231,275,233,11.123795,0,0,0,0,0
1071,7,4,275,233,275,234,11.395068,0,0,0,0,0
1072,7,4,275,234,274,235,11.585765,0,0,0,0,0
1073,7,4,274,235,274,237,11.682456,0,0,0,0,0
1074,7,4,274,237,274,238,11.910756,0,0,0,0,0
1075,7,4,274,238,273,239,12.039679,0,0,0,0,0
1076,7,4,273,239,273,241,12.399586,0,0,0,0,0
1077,7,4,273,241,272,241,12.810524,0,0,0,0,0
1078,7,4,272,241,272,241,12.934074,0,0,0,0,0
1079,7,4,272,241,272,241,12.977048,0,0,0,0,0
1080,7,4,272,241,272,242,13.006593,0,0,0,0,0
1081,7,4,272,242,273,241,13.0710535,0,0,0,0,0
1082,7,4,273,241,273,240,13.315468,0,0,0,0,0
1083,7,4,273,240,276,237,13.336955,0,0,0,0,0
1084,7,4,276,237,279,234,13.393359,0,0,0,0,0
1085,7,4,279,234,282,227,13.417531,0,0,0,0,0
1086,7,4,282,227,285,222,13.406788,0,0,0,0,0
1087,7,4,285,222,287,218,13.387987,0,0,0,0,0
1088,7,4,287,218,287,216,13.379929,0,0,0,0,0
1089,7,4,287,216,288,215,13.409474,0,0,0,0,0
1090,7,4,288,215,288,214,13.417531,0,0,0,0,0
1091,7,4,288,214,288,214,13.417531,0,0,0,0,0
1092,7,4,288,214,288,214,13.417531,0,0,0,0,0
1093,7,4,288,214,288,214,13.495422,0,0,0,0,0
1094,7,4,288,214,288,214,13.672689,0,0,0,0,0
1095,7,4,288,214,288,213,14.145404,0,0,0,0,0
1096,7,4,288,213,288,213,14.263582,0,0,0,0,0
1097,7,4,288,213,289,212,14.559029,0,0,0,0,0
1098,7,4,289,212,288,212,14.784642,0,0,0,0,0
1099,7,4,288,212,288,212,15.555488,0,0,0,0,0
1100,7,4,288,212,288,212,16.339764,0,0,0,0,0
1101,7,4,288,212,288,212,16.809792,0,0,0,0,0
1102,7,4,288,212,287,212,17.602123,0,0,0,0,0
1103,7,4,287,212,287,212,17.757906,0,0,0,0,0
1104,7,4,287,212,286,212,17.902943,0,0,0,0,0
1105,7,4,286,212,286,212,17.905628,0,0,0,0,0
1106,7,4,286,212,285,214,17.932487,0,0,0,0,0
1107,7,4,285,214,283,216,17.924429,0,0,0,0,0
1108,7,4,283,216,282,218,17.892199,0,0,0,0,0
1109,7,4,282,218,280,221,17.959345,0,0,0,0,0
1110,7,4,280,221,280,223,18.013062,0,0,0,0,0
1111,7,4,280,223,278,226,18.136614,0,0,0,0,0
1112,7,4,278,226,276,229,18.29508,0,0,0,0,0
1113,7,4,276,229,275,232,18.343426,0,0,0,0,0
1114,7,4,275,232,274,235,18.448175,0,0,0,0,0
1115,7,4,274,235,273,238,18.620071,0,0,0,0,0
1116,7,4,273,238,272,240,18.783909,0,0,0,0,0
1117,7,4,272,240,270,242,19.073982,0,0,0,0,0
1118,7,4,270,242,269,245,19.21365,0,0,0,0,0
1119,7,4,269,245,268,247,19.24588,0,0,0,0,0
1120,7,4,268,247,267,250,19.42315,0,0,0,0,0
1121,7,4,267,250,266,254,19.503723,0,0,0,0,0
1122,7,4,266,254,265,257,19.699791,0,0,0,0,0
1123,7,4,265,257,263,261,19.885118,0,0,0,0,0
1124,7,4,263,261,263,264,20.470638,0,0,0,0,0
1125,7,4,263,264,261,267,21.005127,0,0,0,0,0
1126,7,4,261,267,260,270,21.217312,0,0,0,0,0
1127,7,4,260,270,258,272,21.507387,0,0,0,0,0
1128,7,4,258,272,256,275,21.73837,0,0,0,0,0
1129,7,4,256,275,255,277,21.749115,0,0,0,0,0
1130,7,4,255,277,253,279,21.818949,0,0,0,0,0
1131,7,4,253,279,252,282,21.82969,0,0,0,0,0
1132,7,4,252,282,250,284,21.832376,0,0,0,0,0
1133,7,4,250,284,249,286,21.87535,0,0,0,0,0
1134,7,4,249,286,247,289,21.904896,0,0,0,0,0
1135,7,4,247,289,245,291,21.985472,0,0,0,0,0
1136,7,4,245,291,243,292,22.033817,0,0,0,0,0
1137,7,4,243,292,241,294,22.18154,0,0,0,0,0
1138,7,4,241,294,239,296,22.18154,0,0,0,0,0
1139,7,4,239,296,237,298,22.229887,0,0,0,0,0
1140,7,4,237,298,235,299,22.235258,0,0,0,0,0
1141,7,4,235,299,233,301,22.24063,0,0,0,0,0
1142,7,4,233,301,232,303,22.323893,0,0,0,0,0
1143,7,4,232,303,230,305,22.407154,0,0,0,0,0
1144,7,4,230,305,228,306,22.557562,0,0,0,0,0
1145,7,4,228,306,226,308,22.678429,0,0,0,0,0
1146,7,4,226,308,224,309,22.745575,0,0,0,0,0
1147,7,4,224,309,223,311,22.74289,0,0,0,0,0
1148,7,4,223,311,221,313,22.745575,0,0,0,0,0
1149,7,4,221,313,220,315,22.83958,0,0,0,0,0
1150,7,4,220,315,219,317,22.914785,0,0,0,0,0
1151,7,4,219,317,217,319,22.858381,0,0,0,0,0
1152,7,4,217,319,215,321,22.904041,0,0,0,0,0
1153,7,4,215,321,213,322,23.00879,0,0,0,0,0
1154,7,4,213,322,210,324,23.169943,0,0,0,0,0
1155,7,4,210,324,207,327,23.204859,0,0,0,0,0
1156,7,4,207,327,205,329,23.272005,0,0,0,0,0
1157,7,4,205,329,202,331,23.4251,0,0,0,0,0
1158,7,4,202,331,200,333,23.540594,0,0,0,0,0
1159,7,4,200,333,196,334,23.935417,0,0,0,0,0
1160,7,4,196,334,193,337,24.056282,0,0,0,0,0
1161,7,4,193,337,189,339,24.354414,0,0,0,0,0
1162,7,4,189,339,186,341,24.606886,0,0,0,0,0
1163,7,4,186,341,183,344,24.94262,0,0,0,0,0
1164,7,4,183,344,180,346,25.43145,0,0,0,0,0
1165,7,4,180,346,176,349,25.694664,0,0,0,0,0
1166,7,4,176,349,171,352,26.14052,0,0,0,0,0
1167,7,4,171,352,166,356,26.409107,0,0,0,0,0
1168,7,4,166,356,160,361,26.787815,0,0,0,0,0
1169,7,4,160,361,154,365,27.0,0,0,0,0,0
1170,7,4,154,365,150,368,27.0,0,0,0,0,0
1171,7,4,150,368,147,369,27.0,0,0,0,0,0
1172,7,4,147,369,143,371,27.0,0,0,0,0,0
1173,7,4,143,371,140,372,27.0,0,0,0,0,0
1174,7,4,140,372,137,373,27.0,0,0,0,0,0
1175,7,4,137,373,134,375,27.0,0,0,0,0,0
1176,7,4,134,375,130,376,27.0,0,0,0,0,0
1177,7,4,130,376,124,380,27.0,0,0,0,0,0
1178,7,4,124,380,118,382,27.0,0,0,0,0,0
1179,7,4,118,382,113,384,27.0,0,0,0,0,0
1180,7,4,113,384,108,385,27.0,0,0,0,0,0
1181,7,4,108,385,103,387,27.0,0,0,0,0,0
1182,7,4,103,387,102,388,26.457453,0,0,0,0,0
1183,7,4,102,388,101,388,20.739225,0,0,0,0,0
1184,7,4,101,388,97,387,8.505066,0,0,0,0,0
1185,7,4,97,387,81,390,5.0,0,0,0,0,0
